config,model_x,model_y,category,S_x_over_y,n_roles,preferred
ensemble_sc,Qwen/Qwen2.5-7B-Instruct,mistralai/Mistral-7B-Instruct-v0.3,Action,0.5083333333333333,40,model_x
ensemble_sc,Qwen/Qwen2.5-7B-Instruct,mistralai/Mistral-7B-Instruct-v0.3,Exploration,0.5041666666666667,40,model_x
ensemble_sc,Qwen/Qwen2.5-7B-Instruct,mistralai/Mistral-7B-Instruct-v0.3,Insight,0.5125,40,model_x
ensemble_single,Qwen/Qwen2.5-7B-Instruct,mistralai/Mistral-7B-Instruct-v0.3,Action,0.4875,40,model_y
ensemble_single,Qwen/Qwen2.5-7B-Instruct,mistralai/Mistral-7B-Instruct-v0.3,Exploration,0.5291666666666667,40,model_x
ensemble_single,Qwen/Qwen2.5-7B-Instruct,mistralai/Mistral-7B-Instruct-v0.3,Insight,0.525,40,model_x
sc/deepseek-r1-distill-qwen-7b,Qwen/Qwen2.5-7B-Instruct,mistralai/Mistral-7B-Instruct-v0.3,Action,0.4916666666666667,40,model_y
sc/deepseek-r1-distill-qwen-7b,Qwen/Qwen2.5-7B-Instruct,mistralai/Mistral-7B-Instruct-v0.3,Exploration,0.4916666666666667,40,model_y
sc/deepseek-r1-distill-qwen-7b,Qwen/Qwen2.5-7B-Instruct,mistralai/Mistral-7B-Instruct-v0.3,Insight,0.5125,40,model_x
sc/gemma-3-4b,Qwen/Qwen2.5-7B-Instruct,mistralai/Mistral-7B-Instruct-v0.3,Action,0.4625,40,model_y
sc/gemma-3-4b,Qwen/Qwen2.5-7B-Instruct,mistralai/Mistral-7B-Instruct-v0.3,Exploration,0.4583333333333333,40,model_y
sc/gemma-3-4b,Qwen/Qwen2.5-7B-Instruct,mistralai/Mistral-7B-Instruct-v0.3,Insight,0.4625,40,model_y
sc/phi-4-mini,Qwen/Qwen2.5-7B-Instruct,mistralai/Mistral-7B-Instruct-v0.3,Action,0.5028735632183908,29,model_x
sc/phi-4-mini,Qwen/Qwen2.5-7B-Instruct,mistralai/Mistral-7B-Instruct-v0.3,Exploration,0.5555555555555556,39,model_x
sc/phi-4-mini,Qwen/Qwen2.5-7B-Instruct,mistralai/Mistral-7B-Instruct-v0.3,Insight,0.5196078431372549,34,model_x
single/deepseek-r1-distill-qwen-7b,Qwen/Qwen2.5-7B-Instruct,mistralai/Mistral-7B-Instruct-v0.3,Action,0.475,40,model_y
single/deepseek-r1-distill-qwen-7b,Qwen/Qwen2.5-7B-Instruct,mistralai/Mistral-7B-Instruct-v0.3,Exploration,0.4833333333333333,40,model_y
single/deepseek-r1-distill-qwen-7b,Qwen/Qwen2.5-7B-Instruct,mistralai/Mistral-7B-Instruct-v0.3,Insight,0.4875,40,model_y
single/gemma-3-4b,Qwen/Qwen2.5-7B-Instruct,mistralai/Mistral-7B-Instruct-v0.3,Action,0.5083333333333333,40,model_x
single/gemma-3-4b,Qwen/Qwen2.5-7B-Instruct,mistralai/Mistral-7B-Instruct-v0.3,Exploration,0.5041666666666667,40,model_x
single/gemma-3-4b,Qwen/Qwen2.5-7B-Instruct,mistralai/Mistral-7B-Instruct-v0.3,Insight,0.5458333333333333,40,model_x
single/phi-4-mini,Qwen/Qwen2.5-7B-Instruct,mistralai/Mistral-7B-Instruct-v0.3,Action,0.5194444444444445,30,model_x
single/phi-4-mini,Qwen/Qwen2.5-7B-Instruct,mistralai/Mistral-7B-Instruct-v0.3,Exploration,0.5897435897435898,39,model_x
single/phi-4-mini,Qwen/Qwen2.5-7B-Instruct,mistralai/Mistral-7B-Instruct-v0.3,Insight,0.5514705882352942,34,model_x
